FALSE	A OBTENIR	A_TRIER	MANQUANT	2026-06-04	HENRY-SCHEIN	FACTURE	381,49	4287993	
FALSE	A OBTENIR	A_TRIER	MANQUANT	2026-06-08	HENRY-SCHEIN	FACTURE	124,99	4293114	
FALSE	A OBTENIR	A_TRIER	MANQUANT	2026-06-30	HENRY-SCHEIN	FACTURE	231,34	4317192	
FALSE	A OBTENIR	A_TRIER	MANQUANT	2026-07-03	HENRY-SCHEIN	FACTURE	31,98	4320966	
FALSE	A OBTENIR	A_TRIER	MANQUANT	2026-07-22	HENRY-SCHEIN	FACTURE	31,98	4336516	
FALSE	A OBTENIR	A_TRIER	MANQUANT	2026-09-17	HENRY-SCHEIN	FACTURE	269,97	4377209	
FALSE	A OBTENIR	A_TRIER	MANQUANT	2026-04-18	HOSTINGER	FACTURE			
FALSE	LUCIE PAIE	A_PAYER	A_VERIFIER		ROTEC	FACTURE		5113217	
FALSE	LUCIE PAIE	A_PAYER	A_VERIFIER		ROTEC	FACTURE		5114472	
FALSE	LUCIE PAIE	A_PAYER	A_VERIFIER	2026-01-21	ROTEC	FACTURE		5111168	
FALSE	LUCIE PAIE	A_PAYER	A_VERIFIER	2026-09-02	ROTEC	FACTURE		5124043	
FALSE	A TRIER	A_TRIER	A_VERIFIER	2026-01-02	GOOGLE-WORKSPACE	FACTURE		GCFRD0011327141	2025-12-01-au-2025-12-31
FALSE	A TRIER	A_TRIER	RENOMME	2026-10-05	HENRY-SCHEIN	RELANCE	1071,75	compte-226502	
TRUE	RIEN	ENVOYE_TGS	DEPOSEE	2026-01-14	ROTEC	FACTURE		5110778	
TRUE	RIEN	ENVOYE_TGS	DEPOSEE	2026-01-15	ROTEC	FACTURE		5110828	
TRUE	RIEN	ENVOYE_TGS	DEPOSEE	2026-01-16	ROTEC	FACTURE		5110950	
TRUE	RIEN	ENVOYE_TGS	DEPOSEE	2026-02-14	ROTEC	FACTURE		5113053	
TRUE	RIEN	ENVOYE_TGS	DEPOSEE	2026-04-10	ROTEC	FACTURE		5116617	
TRUE	RIEN	ENVOYE_TGS	DEPOSEE	2026-04-18	ROTEC	FACTURE		5117001	
TRUE	RIEN	ENVOYE_TGS	DEPOSEE	2026-05-12	ROTEC	FACTURE		5118293	
TRUE	RIEN	ENVOYE_TGS	DEPOSEE	2026-05-14	ROTEC	FACTURE		5118531	
TRUE	RIEN	ENVOYE_TGS	DEPOSEE	2026-06-05	ROTEC	FACTURE		5119917	
TRUE	RIEN	ENVOYE_TGS	DEPOSEE	2026-06-13	ROTEC	FACTURE		5120388	
FALSE	A TRIER	A_TRIER	A_VERIFIER	2026-02-28	ARGOAT	FACTURE			
