banque,releve,date,libelle,debit,credit,nature,justificatif_attendu,etat,lien_relevé,depose_tgs,horodatage_depot,note
BNP 2112,26001,22/01/2026,VIR RECU LOISEAU JOHANNE (EI) - RETRO DECEMBRE,,1399.44,RECETTE retrocession,Note de retrocession d honoraires,A OBTENIR,https://drive.google.com/file/d/1QZpzQbxAxV2UPEvcuinLbypK9y3vde7h/view,FALSE,,Couvre decembre 2025 mais encaissee en 2026.
BNP 2112,26001,13/01/2026,PRLV BNP PARIBAS - BNP PROT. DU FOYER,6.00,,Assurance,Contrat BNP Protection du Foyer,A OBTENIR,https://drive.google.com/file/d/1QZpzQbxAxV2UPEvcuinLbypK9y3vde7h/view,FALSE,,"6,00/mois. Verifier s il s agit d une assurance PRO ou PERSO."
BNP 2112,26001,26/01/2026,ECHEANCE PRET 00271 61671310,636.01,,Emprunt,Tableau d amortissement du pret,A OBTENIR,https://drive.google.com/file/d/1QZpzQbxAxV2UPEvcuinLbypK9y3vde7h/view,FALSE,,"636,01/mois. Sans le tableau, impossible de separer capital et interets."
BNP 2112,26001,05/01/2026,COMMISSIONS facture 20260101007763048,43.50,,Frais bancaires,Le relevé fait foi,PRESENT,https://drive.google.com/file/d/1QZpzQbxAxV2UPEvcuinLbypK9y3vde7h/view,FALSE,,
BNP 2112,26002,10/02/2026,VIR RECU LOISEAU JOHANNE (EI) - RETRO JANVIER,,1549.78,RECETTE retrocession,Note de retrocession d honoraires,A OBTENIR,https://drive.google.com/file/d/1fKd3oLcTM0S-EuRjsAiHpfz2fd4Ldrzi/view,FALSE,,
BNP 2112,26002,09/02/2026,PRLV BNP PARIBAS - BNP PROT. DU FOYER,6.00,,Assurance,Contrat BNP Protection du Foyer,A OBTENIR,https://drive.google.com/file/d/1fKd3oLcTM0S-EuRjsAiHpfz2fd4Ldrzi/view,FALSE,,
BNP 2112,26002,26/02/2026,ECHEANCE PRET 00271 61671310,636.01,,Emprunt,Tableau d amortissement du pret,A OBTENIR,https://drive.google.com/file/d/1fKd3oLcTM0S-EuRjsAiHpfz2fd4Ldrzi/view,FALSE,,
BNP 2112,26002,03/02/2026,COMMISSIONS facture 20260201018633206,43.50,,Frais bancaires,Le relevé fait foi,PRESENT,https://drive.google.com/file/d/1fKd3oLcTM0S-EuRjsAiHpfz2fd4Ldrzi/view,FALSE,,
BNP 2112,26003,05/03/2026,VIR RECU LOISEAU JOHANNE (EI) - RETRO FEVRIER,,1964.08,RECETTE retrocession,Note de retrocession d honoraires,A OBTENIR,https://drive.google.com/file/d/1zmlNP8K2f2efV26TB3Fou-P9TzSlZ27r/view,FALSE,,
BNP 2112,26003,17/03/2026,VIR CPTE A CPTE EMIS - SALAIRE PERSO,2000.00,,Prelevement du gerant,Aucune piece fournisseur,SANS OBJET,https://drive.google.com/file/d/1zmlNP8K2f2efV26TB3Fou-P9TzSlZ27r/view,FALSE,,Remuneration ou compte courant d associe : traitement a confirmer.
BNP 2112,26003,09/03/2026,PRLV BNP PARIBAS - BNP PROT. DU FOYER,6.00,,Assurance,Contrat BNP Protection du Foyer,A OBTENIR,https://drive.google.com/file/d/1zmlNP8K2f2efV26TB3Fou-P9TzSlZ27r/view,FALSE,,
BNP 2112,26003,26/03/2026,ECHEANCE PRET 00271 61671310,636.01,,Emprunt,Tableau d amortissement du pret,A OBTENIR,https://drive.google.com/file/d/1zmlNP8K2f2efV26TB3Fou-P9TzSlZ27r/view,FALSE,,
BNP 2112,26003,03/03/2026,COMMISSIONS facture 20260301029162684,179.50,,Frais bancaires,Le relevé fait foi,PRESENT,https://drive.google.com/file/d/1zmlNP8K2f2efV26TB3Fou-P9TzSlZ27r/view,FALSE,,"179,50 au lieu de 43,50 : trimestrialite ou operation particuliere."
BNP 2112,26004,16/04/2026,VIR RECU LOISEAU JOHANNE (EI) - RETRO MARS,,2011.77,RECETTE retrocession,Note de retrocession d honoraires,A OBTENIR,https://drive.google.com/file/d/1Z2iD_eF6hHKVkto8csFWxTMpnu6A39Wy/view,FALSE,,
BNP 2112,26004,20/04/2026,VIR SCT INST EMIS - PERSO,2000.00,,Prelevement du gerant,Aucune piece fournisseur,SANS OBJET,https://drive.google.com/file/d/1Z2iD_eF6hHKVkto8csFWxTMpnu6A39Wy/view,FALSE,,
BNP 2112,26004,09/04/2026,PRLV BNP PARIBAS - BNP PROT. DU FOYER,6.00,,Assurance,Contrat BNP Protection du Foyer,A OBTENIR,https://drive.google.com/file/d/1Z2iD_eF6hHKVkto8csFWxTMpnu6A39Wy/view,FALSE,,
BNP 2112,26004,27/04/2026,ECHEANCE PRET 00271 61671310,636.01,,Emprunt,Tableau d amortissement du pret,A OBTENIR,https://drive.google.com/file/d/1Z2iD_eF6hHKVkto8csFWxTMpnu6A39Wy/view,FALSE,,
BNP 2112,26004,02/04/2026,COMMISSIONS facture 20260401040294964,43.50,,Frais bancaires,Le relevé fait foi,PRESENT,https://drive.google.com/file/d/1Z2iD_eF6hHKVkto8csFWxTMpnu6A39Wy/view,FALSE,,
BNP 2112,26005,12/05/2026,PRLV BNP PARIBAS - BNP PROT. DU FOYER,6.00,,Assurance,Contrat BNP Protection du Foyer,A OBTENIR,https://drive.google.com/file/d/1vnIz1Wki0nbgXsA88h0fLcAY69aIW1x9/view,FALSE,,
BNP 2112,26005,26/05/2026,ECHEANCE PRET 00271 61671310,636.01,,Emprunt,Tableau d amortissement du pret,A OBTENIR,https://drive.google.com/file/d/1vnIz1Wki0nbgXsA88h0fLcAY69aIW1x9/view,FALSE,,
BNP 2112,26005,05/05/2026,COMMISSIONS facture 20260501050345918,43.50,,Frais bancaires,Le relevé fait foi,PRESENT,https://drive.google.com/file/d/1vnIz1Wki0nbgXsA88h0fLcAY69aIW1x9/view,FALSE,,
BNP 2112,26006,01/06/2026,VIR RECU LOISEAU JOHANNE (EI) - RETRO AVRIL,,2297.28,RECETTE retrocession,Note de retrocession d honoraires,A OBTENIR,https://drive.google.com/file/d/19Qe0SfRA-iKPuZa9_CJqT7SsV351GNwP/view,FALSE,,
BNP 2112,26006,04/06/2026,VIR RECU LOISEAU JOHANNE (EI) - SALAIRE ANNE MARIE,,3170.81,Refacturation de salaire,Convention de refacturation + bulletin,A OBTENIR,https://drive.google.com/file/d/19Qe0SfRA-iKPuZa9_CJqT7SsV351GNwP/view,FALSE,,N EST PAS une retrocession. Ne pas agreger aux recettes d honoraires.
BNP 2112,26006,05/06/2026,VIR SEPA INSTANT EMIS - PERSO MAISON,4000.00,,Prelevement du gerant,Aucune piece fournisseur,SANS OBJET,https://drive.google.com/file/d/19Qe0SfRA-iKPuZa9_CJqT7SsV351GNwP/view,FALSE,,
BNP 2112,26006,08/06/2026,PRLV BNP PARIBAS - BNP PROT. DU FOYER,6.00,,Assurance,Contrat BNP Protection du Foyer,A OBTENIR,https://drive.google.com/file/d/19Qe0SfRA-iKPuZa9_CJqT7SsV351GNwP/view,FALSE,,
BNP 2112,26006,26/06/2026,ECHEANCE PRET 00271 61671310,636.01,,Emprunt,Tableau d amortissement du pret,A OBTENIR,https://drive.google.com/file/d/19Qe0SfRA-iKPuZa9_CJqT7SsV351GNwP/view,FALSE,,
BNP 2112,26006,02/06/2026,COMMISSIONS facture 20260601053492198,43.50,,Frais bancaires,Le relevé fait foi,PRESENT,https://drive.google.com/file/d/19Qe0SfRA-iKPuZa9_CJqT7SsV351GNwP/view,FALSE,,
BNP 2112,26007,06/07/2026,VIR RECU LOISEAU JOHANNE (EI) - RETRO MAI,,7896.79,RECETTE retrocession,Note de retrocession d honoraires,A OBTENIR,https://drive.google.com/file/d/1d1dCL-SpA8MQ1S8JnBpeGGFHQ_4y9_PY/view,FALSE,,"Changement d echelle : 7 896,79 contre environ 2 000 les mois precedents."
BNP 2112,26007,17/07/2026,VIR RECU LOISEAU JOHANNE (EI) - REMBT ERREUR DE CAISSE,,603.20,Divers,Note explicative de l erreur de caisse,A OBTENIR,https://drive.google.com/file/d/1d1dCL-SpA8MQ1S8JnBpeGGFHQ_4y9_PY/view,FALSE,,Un patient a regle Johanne au lieu du Dr. N EST PAS une retrocession.
BNP 2112,26007,31/07/2026,VIR RECU LOISEAU JOHANNE (EI) - RETRO JUIN 1,,5709.37,RECETTE retrocession,Note de retrocession d honoraires,A OBTENIR,https://drive.google.com/file/d/1d1dCL-SpA8MQ1S8JnBpeGGFHQ_4y9_PY/view,FALSE,,Juin regle en deux fois. Voir la 2e partie au relevé 26008.
BNP 2112,26007,09/07/2026,VIR SEPA INSTANT EMIS - VERS COMPTE PERSO,5000.00,,Prelevement du gerant,Aucune piece fournisseur,SANS OBJET,https://drive.google.com/file/d/1d1dCL-SpA8MQ1S8JnBpeGGFHQ_4y9_PY/view,FALSE,,
BNP 2112,26007,08/07/2026,PRLV BNP PARIBAS - BNP PROT. DU FOYER,6.00,,Assurance,Contrat BNP Protection du Foyer,A OBTENIR,https://drive.google.com/file/d/1d1dCL-SpA8MQ1S8JnBpeGGFHQ_4y9_PY/view,FALSE,,
BNP 2112,26007,27/07/2026,ECHEANCE PRET 00271 61671310,636.01,,Emprunt,Tableau d amortissement du pret,A OBTENIR,https://drive.google.com/file/d/1d1dCL-SpA8MQ1S8JnBpeGGFHQ_4y9_PY/view,FALSE,,
BNP 2112,26007,02/07/2026,COMMISSIONS facture 20260701070281632,133.50,,Frais bancaires,Le relevé fait foi,PRESENT,https://drive.google.com/file/d/1d1dCL-SpA8MQ1S8JnBpeGGFHQ_4y9_PY/view,FALSE,,
BNP 2112,26008,03/08/2026,VIR RECU LOISEAU JOHANNE (EI) - RETRO JUIN 2EME PARTIE,,5709.37,RECETTE retrocession,Note de retrocession d honoraires,A OBTENIR,https://drive.google.com/file/d/1e7KG3i3dV67F4VGyuGqhSWv5WDWpZUaw/view,FALSE,,"Meme montant au centime que la 1re partie : ce N EST PAS un doublon, les libelles et les relevés sont differents."
BNP 2112,26008,24/08/2026,VIR RECU LOISEAU JOHANNE (EI) - RETRO JUILLET,,13363.66,RECETTE retrocession,Note de retrocession d honoraires,A OBTENIR,https://drive.google.com/file/d/1e7KG3i3dV67F4VGyuGqhSWv5WDWpZUaw/view,FALSE,,
BNP 2112,26008,03/08/2026,VIR SEPA INSTANT EMIS - SALAIRE PERSO,5000.00,,Prelevement du gerant,Aucune piece fournisseur,SANS OBJET,https://drive.google.com/file/d/1e7KG3i3dV67F4VGyuGqhSWv5WDWpZUaw/view,FALSE,,
BNP 2112,26008,06/08/2026,VIR SEPA INSTANT EMIS - SALAIRE PERSO,4000.00,,Prelevement du gerant,Aucune piece fournisseur,SANS OBJET,https://drive.google.com/file/d/1e7KG3i3dV67F4VGyuGqhSWv5WDWpZUaw/view,FALSE,,
BNP 2112,26008,18/08/2026,VIR SEPA INSTANT EMIS - SALAIRE PERSO,2000.00,,Prelevement du gerant,Aucune piece fournisseur,SANS OBJET,https://drive.google.com/file/d/1e7KG3i3dV67F4VGyuGqhSWv5WDWpZUaw/view,FALSE,,
BNP 2112,26008,26/08/2026,VIREMENT SEPA EMIS - BNP PRO - BEN SELARL TIGHZA,10000.00,,Mouvement entre entites,Justification du flux vers la SELARL,A OBTENIR,https://drive.google.com/file/d/1e7KG3i3dV67F4VGyuGqhSWv5WDWpZUaw/view,FALSE,,"10 000 verses a la SELARL. Apport, remboursement de compte courant ou autre : a qualifier, c est le gros mouvement de l exercice."
BNP 2112,26008,10/08/2026,PRLV BNP PARIBAS - BNP PROT. DU FOYER,6.00,,Assurance,Contrat BNP Protection du Foyer,A OBTENIR,https://drive.google.com/file/d/1e7KG3i3dV67F4VGyuGqhSWv5WDWpZUaw/view,FALSE,,
BNP 2112,26008,26/08/2026,ECHEANCE PRET 00271 61671310,636.01,,Emprunt,Tableau d amortissement du pret,A OBTENIR,https://drive.google.com/file/d/1e7KG3i3dV67F4VGyuGqhSWv5WDWpZUaw/view,FALSE,,
BNP 2112,26008,04/08/2026,COMMISSIONS facture 20260701080593796,43.50,,Frais bancaires,Le relevé fait foi,PRESENT,https://drive.google.com/file/d/1e7KG3i3dV67F4VGyuGqhSWv5WDWpZUaw/view,FALSE,,
