id	ancien	fournisseur	numero	date	montant	nouveau
1Wn0Z2xODBWJGFlxuk6BNEuSBw_skYfqb	ORMCO .pdf	ORMCO	331172675	2026-05-09		2026-05-09_ORMCO_FACTURE_331172675.pdf
1hYPlNFhYMcCz3uskinLnYIyH4-Xwo874	FAK18_12_205622_18718731_8570251_20260506_192141265.pdf ARCADE 	ARCADE-DENTAIRE	8570251		180.00	
1pvg7MANItbduCkAIE06yMa7tvy954d_o	FAK18_12_205622_18719136_8570332_20260512_082012456.pdfARCADE 	ARCADE-DENTAIRE	8570332		123.99	
1KFAuJIqSiC5PKxevrk5-eNVLNxeLMx5N	BONGERT .pdf	BONGERT	24511761	2025-07-15	977.40	2025-07-15_BONGERT_FACTURE_977.40_24511761.pdf
1KSXYDPmzX0qie-9VljetLGxMpeeu7e-8	Facture client - 5120388 - 13-06-2026.pdf ROTEC 	ROTEC	5120388	2026-06-12	195.00	2026-06-12_ROTEC_FACTURE_195.00_5120388.pdf
1H2OTZRbFgF_zch-4Qr5KD54hUg2llDhS	FAK18_12_205622_18719137_8570444_20260512_112815692.pdfARCADE 	ARCADE-DENTAIRE	8570444		160.00	
1TAMnKCbVShDGiLCbODlUBBOC4tpH1pgB	Facture client - 5111168 - 21-01-2026.pdf ROTEC 	ROTEC	5111168	2026-01-20	60.50	2026-01-20_ROTEC_FACTURE_60.50_5111168.pdf
1fr7XQwAtA4VHkFYusozci7fH73GLJI_C	FACTURE_24515704.pdf  BONGERT 	BONGERT	24515704	2026-03-31	98.85	2026-03-31_BONGERT_FACTURE_98.85_24515704.pdf
1oCnpbtkQgYGDHBfdtSMbWjpJVNp0rxBs	Facture client - 5113053 - 14-02-2026.pdf ROTEC 	ROTEC	5113053	2026-02-13		2026-02-13_ROTEC_FACTURE_5113053.pdf
12XXTcljPI2ZCflFwtWRqaW_YRO5jfbqz	Facture client - 5117001 - 18-04-2026.pdf ROTEC 	ROTEC	5117001	2026-04-17	141.50	2026-04-17_ROTEC_FACTURE_141.50_5117001.pdf
1hjKaQcbRyGK5YDn0hQadydVMb-Clp91V	Facture client - 5119917 - 05-06-2026.pdf ROTEC 	ROTEC	5119917	2026-06-04		2026-06-04_ROTEC_FACTURE_5119917.pdf
1K8uNhPwB-C0ZORz4JiYPVKvNGQ7AHNXx	Facture client - 5118293 - 12-05-2026.pdf ROTEC 	ROTEC	5118293	2026-05-11	58.50	2026-05-11_ROTEC_FACTURE_58.50_5118293.pdf
1gs4trFC3777gKsJQZwS8qMvB-aG5O7ep	NTJ	NTJ	20240293	2026-06-01	151.00	2026-06-01_NTJ_FACTURE_151.00_20240293.pdf
1Tx7gT0pA2o_FedeqNScOV8dHKaxjgrjG	id=35684 MIL 		35684	2026-04-17		
15-ExVmonqgKBhv-FpEBMEINgjtD-Qaei	Facture client - 5118531 - 14-05-2026.pdf ROTEC 	ROTEC	5118531	2026-05-13	138.50	2026-05-13_ROTEC_FACTURE_138.50_5118531.pdf
1bPCVfvSCYWecKY9UxCF8uITPaUZxRHqT	ORMCO .pdf	ORMCO	331150973	2026-03-07		2026-03-07_ORMCO_FACTURE_331150973.pdf
1eiXOUcYzHZiPx26tRO3g_PquKoFV3UA_	OSSEO SHOP 219.5  -.jpg	OSSEO-SHOP	008162	2026-06-05	219.50	2026-06-05_OSSEO-SHOP_FACTURE_219.50_008162.pdf
1ZESy1ODW8rkRgRS7Xd03DPlyjCrdRDGu	argoat - Mai 	ARGOAT	ARG12869	2026-06-01	38.00	2026-06-01_ARGOAT_FACTURE_38.00_ARG12869.pdf
1l3pvasF53noV_qAWX9ifjGGYWA6I8lOL	Straumann 98,34	STRAUMANN	9060082089	2026-04-17	98.34	2026-04-17_STRAUMANN_FACTURE_98.34_9060082089.pdf
1qcinO4PVfwM9s6MywN-f1WjQ3IaC5EBM	Straumann 9060084270 - 73,14	STRAUMANN	9060084270	2026-04-21	73.14	2026-04-21_STRAUMANN_FACTURE_73.14_9060084270.pdf
1Qms1gn0qu-xmtLt2qmnIP36gBiPkTqC1	2402323175 GACD 517,25	GACD	2402323175	2026-04-28	517.25	2026-04-28_GACD_FACTURE_517.25_2402323175.pdf
1avH3pzQ0l0hnabQQtNE2Fonn4ghl8heE	24515923 - BONGERT - 100,60	BONGERT	24515923	2026-04-15	100.60	2026-04-15_BONGERT_FACTURE_100.60_24515923.pdf
1ves6I1TqutY18aeIFL5Kq3yJqGKy-iT1	24516144 BONGERT  158,85	BONGERT	24516144	2026-04-30	158.85	2026-04-30_BONGERT_FACTURE_158.85_24516144.pdf
1QPtqSmse8AKVhSV9ROuEXRfVm4aB1t62	2402328280 GACD 7,60	GACD	2402328280	2026-05-04	7.60	2026-05-04_GACD_FACTURE_7.60_2402328280.pdf
1lTGFPrRjHtNjytg02-eq-MVgm6v3Q1A9	2402336462 GACD 14,38	GACD	2402336462	2026-05-15	14.38	2026-05-15_GACD_FACTURE_14.38_2402336462.pdf
1SNktceM_4UwkCfksj7rEy0j81PkDSQE5	2402331992 GACD : 28	GACD	2402331992	2026-05-11	28.00	2026-05-11_GACD_FACTURE_28.00_2402331992.pdf
1Ch4omy4tq5AeYM9FimXp0xq-2hdqMhUl	GACD : 629,25 	GACD	2402336461	2026-05-15	629.25	2026-05-15_GACD_FACTURE_629.25_2402336461.pdf
110qHkVYTG2Z2JJ4CffjOpuwemPehqY1c	GACD - 28,76  	GACD	2402321857	2026-04-27	28.76	2026-04-27_GACD_FACTURE_28.76_2402321857.pdf
1vlHCAoM3slKZMSK7juh-xonmIaHFwmzC	MIL 04-2026		35435	2026-04-30	1329.95	
1_qH5Cko9Lz3itBZqlInnzf4Ci0oSa3HZ	NTJ  Avril 2026.pdf	NTJ	20240280	2026-05-04	578.00	2026-05-04_NTJ_FACTURE_578.00_20240280.pdf
1k4LSPiYGnnIe6nDl4eSt-gOyftnzJNId	FACTURE 30112025 DR TIGHZA.pdf	BONGERT	24513834	2025-11-30	809.20	2025-11-30_BONGERT_FACTURE_809.20_24513834.pdf
1enVO7y9Oud2-aTZISrhPROViTrBYk9dA	ROTEC - 5116617 - 10-04-2026 V1 	RACCOURCI				
1cLEnqZkOKw3GoHP2_G0x1H4KcPJsxpcA	ROTEC 5114472 	ROTEC	5114472	2026-03-06	146.00	2026-03-06_ROTEC_FACTURE_146.00_5114472.pdf
1A4HsyZsj06qJkChWRCVVQp-Fde7R2jcW	ROTEC- 5113217 -	ROTEC	5113217	2026-02-17		2026-02-17_ROTEC_FACTURE_5113217.pdf
1x9MQ7X9r6ZKJMp322PFG0XZMWbtfWAkA	NTJ - 03/2026 - 20240268	NTJ	20240268	2026-04-01	776.00	2026-04-01_NTJ_FACTURE_776.00_20240268.pdf
1QLFpjpZLKBRJpyOrBAKwHpQRUHY-pCJx	ROTEC - 5116617 - 10-04-2026 V1 	ROTEC	5116617	2026-04-09	141.50	2026-04-09_ROTEC_FACTURE_141.50_5116617.pdf
1OCsWTtJphMV8-jlRGg1Tq99k9ju2pdsT	SEPTODONT  90021319 V1 	SEPTODONT	90021319	2026-02-13	212.83	2026-02-13_SEPTODONT_FACTURE_212.83_90021319.pdf
1eHb4cIRFgPkgHtFBJCGM-zoIo4IHRmE5	GACD 2402302237 V1 	GACD	2402302237	2026-03-23	9.70	2026-03-23_GACD_FACTURE_9.70_2402302237.pdf
1aNNRYikWhBVnFiTI2ZDlcU8RnHbyek42	GACD 2402298317 V1	GACD	2402298317	2026-03-16	395.21	2026-03-16_GACD_FACTURE_395.21_2402298317.pdf
1yzgY_h1YfeWPJOaiKEh5c9AgxLy85XpG	ORMCO 331173068 V1	ORMCO	331173068	2026-05-11		2026-05-11_ORMCO_FACTURE_331173068.pdf
1fjXN9XXcVY1wMBQgBqe43mNyLjeUR5LN	BIOTECH - BIOF2511069549	BIOTECH	BIOF2511069549	2025-12-31	18.00	2025-12-31_BIOTECH_FACTURE_18.00_BIOF2511069549.pdf
1ok2cUzzjqfumnCdjup1chj8kgTmUQu6E	ORMCO 331173646 - 04/2026 V1 	ORMCO	331173646	2026-05-13		2026-05-13_ORMCO_FACTURE_331173646.pdf
1u5TSarz_1NMtNHVTZl43H-6tq4yOIjEn	BIOTECH -  BIOF2603017793	BIOTECH	BIOF2603017793	2026-04-30	16.20	2026-04-30_BIOTECH_FACTURE_16.20_BIOF2603017793.pdf
1tlsbmxBDC-VL342A8YS7EhUgArYhyG4d	NTJ 20240268 - 04/2026 V1 	NTJ	20240268	2026-04-01	776.00	2026-04-01_NTJ_FACTURE_776.00_20240268.pdf
1wA6dKPpoEZFWLEK2TAxHFHXAztjs25qo	GACD - 2402280246. V1	GACD	2402280246	2026-02-16	427.78	2026-02-16_GACD_FACTURE_427.78_2402280246.pdf
1TJbZF6XexECrtlFFgiAeP5PlrnMmeGt-	MIL 03/2026 V1 		35195	2026-02-11	1967.00	
1EGivD1LsMfalKlyR7yAqZbVslsSc__A8	ORMCO - 331172674 V1	ORMCO	331172674	2026-05-09		2026-05-09_ORMCO_FACTURE_331172674.pdf
1lL4sTcY8JiRqKglvOVMus-lNGV8hnY07	MIL -  03/2026 		35195	2026-02-11	1967.00	
1BG-MiNYNgHrWJY-H_nE1uJsqRSDDH1Bi	Paycenter Straumann Group	STRAUMANN	9060024519	2026-02-03	297.84	2026-02-03_STRAUMANN_FACTURE_297.84_9060024519.pdf
1ZNIPTZIH7HTab5KhRGlWIiS7GbVpiDfK	Paycenter Straumann Group	STRAUMANN	9060036137	2026-02-19	61.20	2026-02-19_STRAUMANN_FACTURE_61.20_9060036137.pdf
1eLtakgDw5ANRsHMrD-DmEuoqg_45PuHD	BONGERT	BONGERT	24515266	2026-02-28	40.40	2026-02-28_BONGERT_FACTURE_40.40_24515266.pdf
1gUxQIkqPVk8p36fUw9j-NNZ4DpktxZjA	BONGERT	BONGERT	24515482	2026-03-15	271.45	2026-03-15_BONGERT_FACTURE_271.45_24515482.pdf
15XT0hcOTWEd4TzFGlpPmxbu3tJnMgZpU	cofica bail 05-04au04-05-2025.jpg	COFICA		2025-03-28	217.29	
